gene	chromosome	position	mutation	type
MUC16	chr19	8999446	S -> G 	missense
MUC16	chr19	8999479	Q -> K 	missense
MUC12	chr7	100612958	- -> A 	frameshift
MUC12	chr7	100637547	A -> T 	missense
MUC12	chr7	100641798	P -> A 	missense
MUC12	chr7	100643031	L -> I 	missense
MUC12	chr7	100646322	P -> T 	missense
MUC4	chr3	195508336	G -> D 	missense
MUC4	chr3	195508343	S -> T 	missense
MUC4	chr3	195508402	T -> N 	missense
MUC4	chr3	195509676	Q -> H 	missense
MUC4	chr3	195509717	P -> T 	missense
MUC4	chr3	195518101	D -> A 	missense
MUC4	chr3	195518103	P -> Q 	missense
MUC6	chr11	1016604	TV -> TP 	missense
MUC6	chr11	1016628	T -> I 	missense
MUC6	chr11	1016662	P -> S 	missense
MUC6	chr11	1016889	P -> S 	missense
MUC6	chr11	1017135	T -> I 	missense
MUC6	chr11	1017273	F -> S 	missense
MUC6	chr11	1017307	P -> S 	missense
MUC6	chr11	1017522	E -> A 	missense
MUC6	chr11	1017529	H -> Y 	missense
MUC6	chr11	1017912	T -> I 	missense
MUC6	chr11	1018459	P -> T 	missense
MUC2	chr11	1092715	A -> T 	missense
MUC2	chr11	1092928	S -> T 	missense
MUC2	chr11	1092941	T -> S 	missense
MUC2	chr11	1093057	T -> A 	missense
SIRPA	chr20	1895796	L -> S 	missense
SIRPA	chr20	1895950	DL -> ES 	missense
SIRPA	chr20	1896052	PD -> P 	frameshift
SIRPA	chr20	1896059	V -> T 	missense
HLA-DRB1	chr6	32548544	FI -> FL 	missense
HLA-DRB1	chr6	32551911	V -> G 	missense
HLA-DRB1	chr6	32551957	A -> K 	missense
HLA-DRB1	chr6	32552129	RE -> HE 	missense
HLA-A	chr6	29910716	Q -> G 	missense
HLA-B	chr6	31324200	S -> R 	missense
HLA-B	chr6	31324602	E -> M 	missense
