#chrom	left_cancer	left_normal	right_cancer	right_normal	ref_cancer	ref_normal	kind_cancer	kind_normal	var_seq_cancer	var_seq_normal	coverage_cancer	coverage_normal	conservation	gene	where_in_gene	annot_cancer	annot_normal	dbsnp
chr19	8999446		8999447		t		SNP		c/t		46			MUC16	CDS	S -> G (MUC16/NM_024690)		
chr19	8999479		8999480		g		SNP		t/g		45			MUC16	CDS	Q -> K (MUC16/NM_024690)		
chr7	100612958		100612958				INS		gct/		10			MUC12	CDS	- -> A (MUC12/NM_001164462)		
chr7	100637547		100637548		g		SNP		a/a		4			MUC12	CDS	A -> T (MUC12/NM_001164462)		
chr7	100641798		100641799		c		SNP		g/c		8			MUC12	CDS	P -> A (MUC12/NM_001164462)		
chr7	100643031		100643032		c		SNP		a/c		4			MUC12	CDS	L -> I (MUC12/NM_001164462)		
chr7	100646322		100646323		c		SNP		a/c		4			MUC12	CDS	P -> T (MUC12/NM_001164462)		
chr3	195508336		195508337		c		SNP		t/c		6			MUC4	CDS	G -> D (MUC4/NM_018406)		
chr3	195508343		195508344		a		SNP		t/a		6			MUC4	CDS	S -> T (MUC4/NM_018406)		
chr3	195508402		195508403		g		SNP		t/g		5			MUC4	CDS	T -> N (MUC4/NM_018406)		
chr3	195509676		195509677		c		SNP		g/g		4			MUC4	CDS	Q -> H (MUC4/NM_018406)		
chr3	195509717		195509718		g		SNP		t/g		6			MUC4	CDS	P -> T (MUC4/NM_018406)		
chr3	195518101		195518102		t		SNP		g/t		48			MUC4	CDS	D -> A (MUC4/NM_018406)		
chr3	195518103		195518105		tg		MNP		ct/tg		47			MUC4	CDS	P -> Q (MUC4/NM_018406)		
chr11	1016604	1016604	1016607	1016605	act	a	MNP	SNP	ggc/act	g/a	57	46		MUC6	CDS	TV -> TP (MUC6/NM_005961)	V -> A (MUC6/NM_005961)	
chr11	1016628		1016629		g		SNP		a/g		112			MUC6	CDS	T -> I (MUC6/NM_005961)		
chr11	1016662		1016663		g		SNP		a/g		131			MUC6	CDS	P -> S (MUC6/NM_005961)		
chr11	1016889	1016890	1016891	1016891	gg	g	MNP	SNP	ga/gg	a/g	243	205		MUC6	CDS	P -> S (MUC6/NM_005961)	P -> S (MUC6/NM_005961)	
chr11	1017135		1017136		g		SNP		a/g		156			MUC6	CDS	T -> I (MUC6/NM_005961)		
chr11	1017273		1017274		a		SNP		g/a		111			MUC6	CDS	F -> S (MUC6/NM_005961)		
chr11	1017307		1017308		g		SNP		a/g		181			MUC6	CDS	P -> S (MUC6/NM_005961)		
chr11	1017522		1017523		t		SNP		g/t		153			MUC6	CDS	E -> A (MUC6/NM_005961)		
chr11	1017529		1017530		g		SNP		a/g		160			MUC6	CDS	H -> Y (MUC6/NM_005961)		
chr11	1017912	1017911	1017913	1017913	g	tg	SNP	MNP	a/g	ct/tg	163	121		MUC6	CDS	T -> I (MUC6/NM_005961)	T -> K (MUC6/NM_005961)	
chr11	1018459		1018460		g		SNP		t/g		108			MUC6	CDS	P -> T (MUC6/NM_005961)		
chr11	1092715		1092716		g		SNP		a/g		6			MUC2	CDS	A -> T (MUC2/NM_002457)		
chr11	1092928		1092929		t		SNP		a/t		59			MUC2	CDS	S -> T (MUC2/NM_002457)		
chr11	1092941		1092942		c		SNP		g/c		51			MUC2	CDS	T -> S (MUC2/NM_002457)		
chr11	1093057	1093057	1093059	1093061	ac	accc	MNP	MNP	gc/ac	gccc/gccc	18	14		MUC2	CDS	T -> A (MUC2/NM_002457)	TP -> AP (MUC2/NM_002457)	
chr20	1895796	1895796	1895798	1895798	tg	tg	MNP	MNP	ca/tg	ca/ca	19	11		SIRPA	CDS	L -> S (SIRPA/NM_001040022; SIRPA/NM_001040023; SIRPA/NM_080792)	L -> S (SIRPA/NM_001040022; SIRPA/NM_001040023; SIRPA/NM_080792)	
chr20	1895950		1895953		cct		MNP		gtc/gtc		8			SIRPA	CDS	DL -> ES (SIRPA/NM_001040022; SIRPA/NM_001040023; SIRPA/NM_080792)		
chr20	1896052		1896055		cga		DEL		/		5			SIRPA	CDS	PD -> P (SIRPA/NM_001040022; SIRPA/NM_001040023; SIRPA/NM_080792)		
chr20	1896059		1896061		gt		MNP		ac/ac		6			SIRPA	CDS	V -> T (SIRPA/NM_001040022; SIRPA/NM_001040023; SIRPA/NM_080792)		
chr6	32548544		32548546		tg		MNP		ga/tg		6			HLA-DRB1	CDS	FI -> FL (HLA-DRB1/NM_002124)		
chr6	32551911	32551911	32551913	32551913	ca	ca	MNP	MNP	ac/ca	ac/ac	11	7		HLA-DRB1	CDS	V -> G (HLA-DRB1/NM_002124)	V -> G (HLA-DRB1/NM_002124)	
chr6	32551957	32551957	32551959	32551959	gc	gc	MNP	MNP	ct/tt	tt/tt	50	30		HLA-DRB1	CDS	A -> K (HLA-DRB1/NM_002124); A -> R (HLA-DRB1/NM_002124)	A -> K (HLA-DRB1/NM_002124)	
chr6	32552129	32552130	32552133	32552131	ccct	c	MNP	SNP	catg/catg	a/c	6	4		HLA-DRB1	CDS	RE -> HE (HLA-DRB1/NM_002124)	R -> S (HLA-DRB1/NM_002124)	
chr6	29910716	29910716	29910718	29910718	ca	ca	MNP	MNP	cg/gg	gg/gg	20	17		HLA-A	CDS	Q -> G (HLA-A/NM_002116); Q -> R (HLA-A/NM_002116)	Q -> G (HLA-A/NM_002116)	
chr6	31324200	31324200	31324203	31324201	gct	g	MNP	SNP	cac/cct	c/c	6	5		HLA-B	CDS	S -> R (HLA-B/NM_005514); S -> V (HLA-B/NM_005514)	S -> R (HLA-B/NM_005514)	
chr6	31324602		31324604		tc		MNP		at/at		6			HLA-B	CDS	E -> M (HLA-B/NM_005514)		
